tap,integer,rx_q17,tx_q16
0,13,9.918212890625e-05,0.0001983642578125
1,-40,-0.00030517578125,-0.0006103515625
2,-88,-0.00067138671875,-0.0013427734375
3,-32,-0.000244140625,-0.00048828125
4,95,0.00072479248046875,0.0014495849609375
5,85,0.00064849853515625,0.0012969970703125
6,-107,-0.00081634521484375,-0.0016326904296875
7,-177,-0.00135040283203125,-0.0027008056640625
8,78,0.0005950927734375,0.001190185546875
9,288,0.002197265625,0.00439453125
10,15,0.00011444091796875,0.0002288818359375
11,-396,-0.003021240234375,-0.00604248046875
12,-186,-0.0014190673828125,-0.002838134765625
13,461,0.00351715087890625,0.0070343017578125
14,439,0.00334930419921875,0.0066986083984375
15,-437,-0.00333404541015625,-0.0066680908203125
16,-757,-0.00577545166015625,-0.0115509033203125
17,272,0.0020751953125,0.004150390625
18,1094,0.0083465576171875,0.016693115234375
19,79,0.00060272216796875,0.0012054443359375
20,-1383,-0.01055145263671875,-0.0211029052734375
21,-641,-0.00489044189453125,-0.0097808837890625
22,1527,0.01165008544921875,0.0233001708984375
23,1417,0.01081085205078125,0.0216217041015625
24,-1413,-0.01078033447265625,-0.0215606689453125
25,-2373,-0.01810455322265625,-0.0362091064453125
26,906,0.0069122314453125,0.013824462890625
27,3446,0.0262908935546875,0.052581787109375
28,156,0.001190185546875,0.00238037109375
29,-4544,-0.03466796875,-0.0693359375
30,-2024,-0.01544189453125,-0.0308837890625
31,5558,0.0424041748046875,0.084808349609375
32,5268,0.040191650390625,0.08038330078125
33,-6380,-0.048675537109375,-0.09735107421875
34,-11956,-0.091217041015625,-0.18243408203125
35,6915,0.05275726318359375,0.1055145263671875
36,41098,0.3135528564453125,0.627105712890625
37,58518,0.4464569091796875,0.892913818359375
38,41098,0.3135528564453125,0.627105712890625
39,6915,0.05275726318359375,0.1055145263671875
40,-11956,-0.091217041015625,-0.18243408203125
41,-6380,-0.048675537109375,-0.09735107421875
42,5268,0.040191650390625,0.08038330078125
43,5558,0.0424041748046875,0.084808349609375
44,-2024,-0.01544189453125,-0.0308837890625
45,-4544,-0.03466796875,-0.0693359375
46,156,0.001190185546875,0.00238037109375
47,3446,0.0262908935546875,0.052581787109375
48,906,0.0069122314453125,0.013824462890625
49,-2373,-0.01810455322265625,-0.0362091064453125
50,-1413,-0.01078033447265625,-0.0215606689453125
51,1417,0.01081085205078125,0.0216217041015625
52,1527,0.01165008544921875,0.0233001708984375
53,-641,-0.00489044189453125,-0.0097808837890625
54,-1383,-0.01055145263671875,-0.0211029052734375
55,79,0.00060272216796875,0.0012054443359375
56,1094,0.0083465576171875,0.016693115234375
57,272,0.0020751953125,0.004150390625
58,-757,-0.00577545166015625,-0.0115509033203125
59,-437,-0.00333404541015625,-0.0066680908203125
60,439,0.00334930419921875,0.0066986083984375
61,461,0.00351715087890625,0.0070343017578125
62,-186,-0.0014190673828125,-0.002838134765625
63,-396,-0.003021240234375,-0.00604248046875
64,15,0.00011444091796875,0.0002288818359375
65,288,0.002197265625,0.00439453125
66,78,0.0005950927734375,0.001190185546875
67,-177,-0.00135040283203125,-0.0027008056640625
68,-107,-0.00081634521484375,-0.0016326904296875
69,85,0.00064849853515625,0.0012969970703125
70,95,0.00072479248046875,0.0014495849609375
71,-32,-0.000244140625,-0.00048828125
72,-88,-0.00067138671875,-0.0013427734375
73,-40,-0.00030517578125,-0.0006103515625
74,13,9.918212890625e-05,0.0001983642578125
